frame,timestamp_s,segment,track_3d_mean_mm,track_3d_rmse_mm,stereo_left_track_2d_mean_px,stereo_left_track_2d_rmse_px,stereo_right_track_2d_mean_px,stereo_right_track_2d_rmse_px
288,9.6,assimilation_0_79_percent,6.043906211853027,7.134297847747803,52.96529006958008,57.10760498046875,53.47600555419922,57.499996185302734
289,9.633333333333333,assimilation_0_79_percent,6.037563800811768,7.119239330291748,53.579734802246094,57.600830078125,53.551856994628906,57.55133819580078
290,9.666666666666666,assimilation_0_79_percent,6.032423973083496,7.10666561126709,53.647762298583984,57.64619064331055,53.619384765625,57.595462799072266
291,9.7,assimilation_0_79_percent,6.028372287750244,7.095986843109131,53.15865707397461,57.22667694091797,53.198612213134766,57.25633239746094
292,9.733333333333333,assimilation_0_79_percent,6.024686813354492,7.086328983306885,53.76744079589844,57.722408294677734,53.7376823425293,57.668540954589844
293,9.766666666666667,assimilation_0_79_percent,6.02182674407959,7.07791805267334,53.823829650878906,57.75978088378906,53.79315948486328,57.70369338989258
294,9.8,assimilation_0_79_percent,6.0186991691589355,7.069917678833008,53.86676788330078,57.78566360473633,53.83468246459961,57.72685623168945
295,9.833333333333334,assimilation_0_79_percent,6.015425205230713,7.062340259552002,53.639225006103516,57.67364501953125,53.864891052246094,57.7407341003418
296,9.866666666666667,assimilation_0_79_percent,6.012565612792969,7.055460453033447,53.930931091308594,57.82229995727539,53.89517593383789,57.756961822509766
297,9.9,assimilation_0_79_percent,6.009267807006836,7.048679828643799,53.95166778564453,57.83176803588867,53.91380310058594,57.76296615600586
298,9.933333333333334,assimilation_0_79_percent,6.005651473999023,7.041983604431152,53.966758728027344,57.83757781982422,53.92652893066406,57.76494598388672
299,9.966666666666667,assimilation_0_79_percent,6.002169609069824,7.035737991333008,53.978919982910156,57.841976165771484,53.936279296875,57.76545715332031
300,10.0,assimilation_0_79_percent,5.999053478240967,7.030052185058594,53.99312210083008,57.852237701416016,53.94827651977539,57.77196502685547
301,10.033333333333333,assimilation_0_79_percent,5.9954681396484375,7.024077415466309,53.41039276123047,57.34450912475586,53.95183563232422,57.7703971862793
302,10.066666666666666,assimilation_0_79_percent,5.992127895355225,7.018397331237793,54.004905700683594,57.85792922973633,53.955501556396484,57.77010726928711
303,10.1,assimilation_0_79_percent,5.9882941246032715,7.01250696182251,53.72359085083008,57.70082473754883,53.94968032836914,57.75984191894531
304,10.133333333333333,assimilation_0_79_percent,5.984626770019531,7.006922721862793,53.99787521362305,57.84491729736328,53.943843841552734,57.74970245361328
305,10.166666666666666,assimilation_0_79_percent,5.9811296463012695,7.001646041870117,53.99421691894531,57.83955001831055,53.93803405761719,57.74079132080078
306,10.2,assimilation_0_79_percent,5.977762699127197,6.996466636657715,53.991844177246094,57.83540725708008,53.93331527709961,57.732887268066406
307,10.233333333333333,assimilation_0_79_percent,5.973962783813477,6.991134166717529,53.37572479248047,57.29137420654297,53.92169189453125,57.71840286254883
308,10.266666666666667,assimilation_0_79_percent,5.970386981964111,6.986030101776123,53.97455596923828,57.81509780883789,53.91164016723633,57.7055778503418
309,10.3,assimilation_0_79_percent,5.9672698974609375,6.98138427734375,53.97065734863281,57.81089782714844,53.90570068359375,57.69794845581055
310,10.333333333333334,assimilation_0_79_percent,5.96376371383667,6.9765143394470215,53.96087646484375,57.80087661743164,53.89379119873047,57.68449020385742
311,10.366666666666667,assimilation_0_79_percent,5.960110664367676,6.971643924713135,53.948524475097656,57.78853225708008,53.8792839050293,57.668731689453125
312,10.4,assimilation_0_79_percent,5.9563984870910645,6.966783046722412,53.93484878540039,57.77461242675781,53.863426208496094,57.65138626098633
313,10.433333333333334,assimilation_0_79_percent,5.953129291534424,6.962292194366455,53.92567443847656,57.765785217285156,53.85224914550781,57.639286041259766
314,10.466666666666667,assimilation_0_79_percent,5.949859619140625,6.957840442657471,53.91558074951172,57.75596618652344,53.84013748168945,57.6262092590332
315,10.5,assimilation_0_79_percent,5.946557998657227,6.953450679779053,53.904415130615234,57.745609283447266,53.82688522338867,57.612510681152344
316,10.533333333333333,assimilation_0_79_percent,5.942978858947754,6.948990345001221,53.25159454345703,57.161197662353516,53.80807113647461,57.594871520996094
317,10.566666666666666,assimilation_0_79_percent,5.9391608238220215,6.94445276260376,53.86827087402344,57.71470642089844,53.78623580932617,57.574832916259766
318,10.6,assimilation_0_79_percent,5.935163497924805,6.939870834350586,53.84477615356445,57.69496154785156,53.76026916503906,57.55154800415039
319,10.633333333333333,assimilation_0_79_percent,5.931815147399902,6.935662746429443,53.82884979248047,57.680816650390625,53.741981506347656,57.53400802612305
320,10.666666666666666,assimilation_0_79_percent,5.928841590881348,6.931702136993408,53.816471099853516,57.66907501220703,53.727420806884766,57.51902770996094
321,10.7,assimilation_0_79_percent,5.925967693328857,6.927874565124512,53.8066291809082,57.658817291259766,53.7154426574707,57.50563049316406
322,10.733333333333333,assimilation_0_79_percent,5.923457145690918,6.9243693351745605,53.80025100708008,57.653228759765625,53.70705795288086,57.49697494506836
323,10.766666666666667,assimilation_0_79_percent,5.921721935272217,6.921270847320557,53.807273864746094,57.656394958496094,53.71211624145508,57.49772262573242
324,10.8,assimilation_0_79_percent,5.9198222160339355,6.918126583099365,53.81281661987305,57.658782958984375,53.71548080444336,57.49746322631836
325,10.833333333333334,assimilation_0_79_percent,5.918638229370117,6.915444374084473,53.82798767089844,57.669795989990234,53.72853088378906,57.506072998046875
326,10.866666666666667,assimilation_0_79_percent,5.9181742668151855,6.913184642791748,53.85243606567383,57.68873977661133,53.750938415527344,57.522830963134766
327,10.9,assimilation_0_79_percent,5.918306827545166,6.911350250244141,53.88303756713867,57.714195251464844,53.77973556518555,57.54637908935547
328,10.933333333333334,assimilation_0_79_percent,5.918193340301514,6.909422397613525,53.911434173583984,57.73760223388672,53.80632781982422,57.567867279052734
329,10.966666666666667,assimilation_0_79_percent,5.918099880218506,6.907632350921631,53.93758010864258,57.76055908203125,53.83077621459961,57.588924407958984
330,11.0,assimilation_0_79_percent,5.917418479919434,6.905544281005859,53.95636749267578,57.776832580566406,53.84785079956055,57.603233337402344
331,11.033333333333333,assimilation_0_79_percent,5.917191505432129,6.903959274291992,53.974666595458984,57.79444885253906,53.86445999145508,57.61884307861328
332,11.066666666666666,assimilation_0_79_percent,5.918096542358398,6.902755260467529,53.99342346191406,57.812583923339844,53.881385803222656,57.63489532470703
333,11.1,assimilation_0_79_percent,5.91889762878418,6.900300979614258,54.005924224853516,57.819541931152344,53.89199447631836,57.63980484008789
334,11.133333333333333,assimilation_0_79_percent,5.920873641967773,6.898322582244873,54.02447509765625,57.82880783081055,53.90937042236328,57.64752197265625
335,11.166666666666666,assimilation_0_79_percent,5.9239115715026855,6.897585391998291,54.05182647705078,57.844970703125,53.93556213378906,57.66200256347656
336,11.2,assimilation_0_79_percent,5.927373886108398,6.898242950439453,54.08686828613281,57.87074661254883,53.969017028808594,57.685726165771484
337,11.233333333333333,assimilation_0_79_percent,5.930818557739258,6.900223255157471,54.1229248046875,57.9007682800293,54.003089904785156,57.71338653564453
338,11.266666666666667,assimilation_0_79_percent,5.933533668518066,6.902162551879883,54.15515899658203,57.92911148071289,54.033382415771484,57.73933792114258
339,11.3,assimilation_0_79_percent,5.934624195098877,6.902801036834717,54.17551040649414,57.94808578491211,54.05191421508789,57.75602340698242
340,11.333333333333334,assimilation_0_79_percent,5.935232639312744,6.90300178527832,54.19138717651367,57.96528244018555,54.065982818603516,57.770896911621094
341,11.366666666666667,assimilation_0_79_percent,5.935880661010742,6.9032440185546875,54.206932067871094,57.98338317871094,54.079715728759766,57.786651611328125
342,11.4,assimilation_0_79_percent,5.936669826507568,6.903550148010254,54.22471618652344,58.0027961730957,54.095909118652344,57.80390930175781
343,11.433333333333334,assimilation_0_79_percent,5.93710994720459,6.903639793395996,54.239524841308594,58.01787567138672,54.109535217285156,57.81715393066406
344,11.466666666666667,assimilation_0_79_percent,5.93766975402832,6.90386438369751,54.25625228881836,58.03474426269531,54.12526321411133,57.8322868347168
345,11.5,assimilation_0_79_percent,5.93786096572876,6.903835773468018,54.269222259521484,58.047607421875,54.137351989746094,57.84354019165039
346,11.533333333333333,assimilation_0_79_percent,5.938133716583252,6.903923511505127,54.28325271606445,58.06178665161133,54.15034484863281,57.85600280761719
347,11.566666666666666,assimilation_0_79_percent,5.938656806945801,6.904269695281982,54.298648834228516,58.07838821411133,54.164798736572266,57.87097930908203
348,11.6,assimilation_0_79_percent,5.938906192779541,6.9044694900512695,54.3115119934082,58.09219741821289,54.17665481567383,57.88314437866211
349,11.633333333333333,assimilation_0_79_percent,5.939194202423096,6.904722213745117,54.32406234741211,58.105770111083984,54.1882209777832,57.895118713378906
350,11.666666666666666,assimilation_0_79_percent,5.939641952514648,6.905086517333984,54.33776092529297,58.12056350708008,54.20090866088867,57.90834426879883
351,11.7,assimilation_0_79_percent,5.940186500549316,6.905463218688965,54.351009368896484,58.13536071777344,54.21318817138672,57.921592712402344
352,11.733333333333333,assimilation_0_79_percent,5.940689563751221,6.905772686004639,54.362972259521484,58.148494720458984,54.22420120239258,57.93323516845703
353,11.766666666666667,assimilation_0_79_percent,5.941015243530273,6.9059834480285645,54.37416458129883,58.16075134277344,54.23427200317383,57.943973541259766
354,11.8,assimilation_0_79_percent,5.941335201263428,6.90623664855957,54.38770294189453,58.17478942871094,54.246864318847656,57.95656204223633
355,11.833333333333334,assimilation_0_79_percent,5.941880702972412,6.906660556793213,54.40238952636719,58.19020080566406,54.26057052612305,57.97052001953125
356,11.866666666666667,assimilation_0_79_percent,5.942158222198486,6.906832695007324,54.41328811645508,58.20172119140625,54.270408630371094,57.98057556152344
357,11.9,assimilation_0_79_percent,5.942445755004883,6.907037258148193,54.423954010009766,58.2131233215332,54.27995300292969,57.990509033203125
358,11.933333333333334,assimilation_0_79_percent,5.943057060241699,6.9074296951293945,54.437583923339844,58.2276611328125,54.29258346557617,58.00362014770508
359,11.966666666666667,assimilation_0_79_percent,5.943312644958496,6.907543659210205,54.44779586791992,58.23809051513672,54.30171203613281,58.01265335083008
